603,605,606,607,726,709,706,609,,,,,,,,,,,,
604,626,602,608,640,609,621,633,628,618,617,712,713,702,703,677,,,,
605,603,606,607,726,709,706,609,,,,,,,,,,,,
606,605,607,603,706,709,726,710,651,649,685,,,,,,,,,
607,606,603,604,605,602,640,726,706,709,710,,,,,,,,,
608,602,604,609,640,618,624,,,,,,,,,,,,,
21609,719,720,721,722,723,724,728,,,,,,,,,,,,
609,640,604,602,608,603,605,606,607,714,708,662,,,,,,,,
610,616,620,632,629,721,,,,,,,,,,,,,,
611,612,621,614,623,636,637,634,,,,,,,,,,,,
612,611,614,623,621,634,637,636,,,,,,,,,,,,
614,611,612,623,636,634,637,621,,,,,,,,,,,,
616,610,620,632,629,721,,,,,,,,,,,,,,
617,618,626,628,630,633,,,,,,,,,,,,,,
618,631,617,622,602,626,635,,,,,,,,,,,,,
620,610,616,632,721,629,,,,,,,,,,,,,,
621,611,612,614,623,636,637,634,,,,,,,,,,,,
622,629,630,631,635,628,617,618,633,722,,,,,,,,,,
623,611,612,614,634,636,621,637,,,,,,,,,,,,
626,617,618,628,630,633,,,,,,,,,,,,,,
627,639,622,720,636,629,,,,,,,,,,,,,,
628,617,618,626,630,633,,,,,,,,,,,,,,
629,622,626,627,628,630,631,723,616,635,618,,,,,,,,,
630,617,618,626,628,633,622,629,721,,,,,,,,,,,
631,639,618,635,629,630,622,616,617,626,625,,,,,,,,,
610,620,616,629,721,,,,,,,,,,,,,,,
633,617,618,626,628,630,629,604,,,,,,,,,,,,
634,611,636,612,634,623,614,637,621,,,,,,,,,,,
635,631,622,629,618,639,626,624,630,,,,,,,,,,,
636,611,612,614,621,623,637,634,,,,,,,,,,,,
639,631,673,720,627,635,655,623,629,618,636,,,,,,,,,
640,608,609,604,602,,,,,,,,,,,,,,,
701,704,708,710,714,726,732,711,,,,,,,,,,,,
704,701,726,709,710,724,714,708,706,711,729,707,,,,,,,,
706,709,726,701,704,710,708,714,607,609,606,,,,,,,,,
708,701,704,710,714,706,726,709,609,608,717,,,,,,,,,
709,706,726,701,704,708,710,714,606,609,719,,,,,,,,,
710,701,704,714,706,606,711,729,732,,,,,,,,,,,
714,701,704,708,710,706,709,726,,,,,,,,,,,,
719,723,721,724,624,728,720,672,655,673,649,,,,,,,,,
720,719,721,722,723,627,724,728,718,,,,,,,,,,,
721,720,724,722,719,728,620,723,630,679,656,669,649,672,655,,,,,
722,723,629,721,724,720,622,679,656,669,,,,,,,,,,
723,719,722,724,728,721,629,660,677,716,727,730,,,,,,,,
724,720,721,722,723,719,728,655,673,672,649,,,,,,,,,
706,709,701,704,708,710,714,603,605,609,,,,,,,,,,
728,21609,719,723,724,721,621,720,701,,,,,,,,,,,
624,703,712,713,677,618,617,630,633,628,621,604,605,602,608,603,702,,,
200,725,651,648,685,657,,,,,,,,,,,,,,
645,646,649,685,648,651,,,,,,,,,,,,,,
646,645,648,685,651,649,,,,,,,,,,,,,,
648,645,646,651,649,685,725,726,709,606,,,,,,,,,,
649,645,648,651,685,732,705,707,,,,,,,,,,,,
650,711,729,662,,,,,,,,,,,,,,,,
651,645,646,648,685,649,725,606,,,,,,,,,,,,
653,675,678,676,665,684,,,,,,,,,,,,,,
655,672,673,684,669,668,665,656,670,661,724,,,,,,,,,
656,668,669,655,673,661,665,672,670,721,,,,,,,,,,
657,725,645,648,685,651,200,,,,,,,,,,,,,
659,681,671,670,665,702,703,716,727,730,661,,,,,,,,,
660,716,717,718,730,677,661,665,666,21634,,,,,,,,,,
667,730,727,716,665,670,671,681,682,659,703,704,,,,,,,,
662,711,729,650,,,,,,,,,,,,,,,,
663,672,666,656,673,661,679,664,665,660,,,,,,,,,,
665,671,661,659,677,682,681,670,660,656,664,676,674,,,,,,,
666,663,684,718,672,673,679,660,670,,,,,,,,,,,
668,656,655,677,669,649,673,672,661,659,724,721,,,,,,,,
669,656,668,673,661,670,659,655,677,665,721,,,,,,,,,
670,661,665,671,681,682,659,677,716,672,662,650,,,,,,,,
671,661,681,670,677,682,659,716,665,669,660,,,,,,,,,
672,663,655,670,684,673,656,668,686,21609,720,721,724,728,,,,,,
673,679,684,672,669,668,655,656,665,670,661,720,725,,,,,,,
675,676,653,678,665,664,679,663,666,634,612,614,,,,,,,,
676,665,653,681,677,678,,,,,,,,,,,,,,
677,661,730,727,716,665,670,671,681,682,659,,,,,,,,,
678,675,653,679,665,611,612,,,,,,,,,,,,,
19679,684,686,672,665,666,670,718,664,660,613,616,645,602,619,633,634,639,607,609
680,679,660,626,,,,,,,,,,,,,,,,
684,718,19679,672,655,673,665,666,668,717,686,724,719,728,721,722,728,637,21609,
685,651,649,646,648,645,,,,,,,,,,,,,,
686,670,669,666,668,673,677,684,672,718,679,636,720,721,724,,,,,
702,703,712,713,677,659,604,709,624,,,,,,,,,,,
703,702,712,713,677,659,604,624,,,,,,,,,,,,
705,707,732,649,706,709,726,,,,,,,,,,,,,
707,732,705,649,726,706,709,,,,,,,,,,,,,
711,729,650,662,,,,,,,,,,,,,,,,
712,702,703,677,716,730,718,604,624,713,,,,,,,,,,
713,712,702,703,677,661,670,604,624,,,,,,,,,,,
716,660,717,730,718,677,661,21634,,,,,,,,,,,,
717,716,718,727,730,660,634,,,,,,,,,,,,,
718,716,717,684,659,730,666,,,,,,,,,,,,,
725,200,651,645,648,685,657,,,,,,,,,,,,,
729,711,662,650,,,,,,,,,,,,,,,,
730,716,717,718,660,727,677,672,661,21634,,,,,,,,,,
732,705,707,649,726,706,709,,,,,,,,,,,,,
21634,716,717,730,660,677,,,,,,,,,,,,,,
664,668,665,669,672,677,675,,,,,,,,,,,,,
602,604,608,640,609,618,624,617,,,,,,,,,,,,
